{"accel": {"x": [0.24899697265624998, 0.26815058593749996, 0.19153613281249998, 0.2346317626953125, 0.2609679809570312, 0.258573779296875, 0.1867477294921875, 0.23223756103515625, 0.22744915771484372, 0.22266075439453123, 0.2346317626953125, 0.22744915771484372, 0.20829554443359374, 0.28490999755859375, 0.181959326171875, 0.21787235107421873, 0.2705447875976562, 0.18435352783203124, 0.181959326171875, 0.2154781494140625, 0.19393033447265623, 0.2825157958984375, 0.2705447875976562, 0.2537853759765625, 0.23702596435546874, 0.28969840087890625, 0.22505495605468748, 0.2657563842773437, 0.2753331909179687, 0.25139117431640623, 0.25139117431640623, 0.28969840087890625, 0.22266075439453123, 0.19393033447265623, 0.41419688720703124, 0.24660277099609373, 0.2442085693359375, 0.15322890625, 0.22505495605468748, 0.15083470458984374], "y": [-0.43574470214843747, -0.4381389038085937, -0.45010991210937495, -0.4740519287109375, -0.316034619140625, -0.5267243652343749, -0.43574470214843747, -0.4836287353515625, -0.44532150878906246, -0.469263525390625, -0.6009446166992187, -0.6057330200195312, -0.5099649536132812, -0.39983167724609375, -0.3854664672851562, -0.46686932373046874, -0.49799394531249996, -0.4572925170898437, -0.45489831542968745, -0.48123453369140623, -0.5674257934570313, -0.430956298828125, -0.4644751220703125, -0.40940848388671874, -0.47165772705078124, -0.41898529052734373, -0.46686932373046874, -0.5027823486328125, -0.4740519287109375, -0.6009446166992187, -0.40940848388671874, -0.4525041137695312, -0.43574470214843747, -0.4525041137695312, -0.4955997436523437, -0.4285620971679687, -0.4644751220703125, -0.3280056274414062, -0.5027823486328125, -0.32561142578124996], "z": [8.674192614746094, 8.726865051269531, 8.678981018066406, 8.710105639648438, 8.614337573242187, 8.640673791503906, 8.647856396484375, 8.647856396484375, 8.674192614746094, 8.633491186523438, 8.667010009765624, 8.619125976562499, 8.63827958984375, 8.623914379882812, 8.719682446289061, 8.688557824707031, 8.659827404785156, 8.664615808105468, 8.602366564941406, 8.540117321777343, 8.67658681640625, 8.480262280273436, 8.698134631347656, 8.604760766601562, 8.434772448730468, 8.576030346679687, 8.597578161621094, 8.628702783203124, 8.657433203124999, 8.580818749999999, 8.63109698486328, 8.690952026367187, 8.729259252929687, 8.655039001464843, 8.63827958984375, 8.652644799804687, 8.609549169921875, 8.717288244628906, 8.588001354980468, 8.552088330078124]}, "gyro": {"x": [-2.0916030534351147, -2.015267175572519, -1.9389312977099236, -2.0229007633587788, -3.8931297709923665, -1.8625954198473282, -0.030534351145038167, -1.916030534351145, -1.786259541984733, -2.0, -1.9389312977099236, -1.900763358778626, -0.05343511450381679, -1.8702290076335877, -2.0610687022900764, -1.8015267175572518, -1.8473282442748091, -1.7633587786259541, -1.8244274809160306, -3.854961832061069, -1.786259541984733, -1.9465648854961832, -1.984732824427481, -1.9465648854961832, -1.8549618320610688, -1.984732824427481, -1.9465648854961832, -3.8625954198473282, -1.7557251908396947, -3.900763358778626, -3.8625954198473282, -3.877862595419847, -1.8931297709923665, -1.9923664122137406, -1.9236641221374047, -1.83206106870229, -1.8244274809160306, -1.9312977099236641, -2.0839694656488548, -1.9312977099236641], "y": [-0.549618320610687, -0.3435114503816794, -0.4580152671755725, -0.2900763358778626, -0.45038167938931295, -0.37404580152671757, -0.549618320610687, -0.4351145038167939, -0.4580152671755725, -0.35877862595419846, -0.48854961832061067, -0.45038167938931295, -0.29770992366412213, -0.4732824427480916, -0.4122137404580153, -0.22137404580152673, -0.5572519083969466, -0.3511450381679389, -0.4198473282442748, -0.31297709923664124, -0.26717557251908397, -0.29770992366412213, -0.22900763358778625, -0.3053435114503817, -0.3511450381679389, -0.29770992366412213, -0.3435114503816794, -0.3511450381679389, -0.4122137404580153, -0.4732824427480916, -0.35877862595419846, -0.4961832061068702, -0.4961832061068702, -0.2900763358778626, -0.3969465648854962, -0.1984732824427481, -0.2748091603053435, -0.3969465648854962, -0.3282442748091603, -0.5190839694656488], "z": [-0.549618320610687, -0.3435114503816794, -0.4580152671755725, -0.2900763358778626, -0.45038167938931295, -0.37404580152671757, -0.549618320610687, -0.4351145038167939, -0.4580152671755725, -0.35877862595419846, -0.48854961832061067, -0.45038167938931295, -0.29770992366412213, -0.4732824427480916, -0.4122137404580153, -0.22137404580152673, -0.5572519083969466, -0.3511450381679389, -0.4198473282442748, -0.31297709923664124, -0.26717557251908397, -0.29770992366412213, -0.22900763358778625, -0.3053435114503817, -0.3511450381679389, -0.29770992366412213, -0.3435114503816794, -0.3511450381679389, -0.4122137404580153, -0.4732824427480916, -0.35877862595419846, -0.4961832061068702, -0.4961832061068702, -0.2900763358778626, -0.3969465648854962, -0.1984732824427481, -0.2748091603053435, -0.3969465648854962, -0.3282442748091603, -0.5190839694656488]}}