{"x": [-1.120486376953125, -1.7884686401367187, -1.1540052001953125, -2.2026655273437497, 0.07422025146484375, -2.1212626708984375, -1.5227122558593749, -0.9409212524414062, 0.622492431640625, 0.009576806640625, -0.22505495605468748, 6.064512805175781, 3.9647979492187497, 0.0383072265625, 2.0302830078125, -1.915361328125, -3.825934252929687, 2.5139117431640625, 0.1292868896484375, -1.2976572998046874, 1.1444283935546875, -0.0383072265625, -0.584185205078125, -1.7501614135742187, -0.948103857421875, -2.118868469238281, -4.771643908691406, -0.07422025146484375, 0.6703764648437499, -1.1611878051757811, -3.5913024902343746, -0.3758896606445312, 3.6655227416992187, 1.458068811035156, 3.383006945800781, -2.205059729003906, -0.93852705078125, -1.8555062866210936, -3.1555577880859373, -4.752490295410156], "y": [-3.6487633300781246, -4.723759875488281, -2.530671154785156, -1.2832920898437499, -6.337451794433593, -4.637568615722656, -2.0877438476562498, -5.437231970214843, -6.253654736328125, -6.438008264160156, -1.5011644409179687, -6.169857678222656, -0.6536170532226562, -4.740519287109374, -3.6152445068359373, -1.8148048583984373, -6.356605407714843, -3.3111808959960936, -3.768473413085937, -3.2225954345703123, -5.468356591796875, -4.101267443847656, -5.221753820800781, -3.9647979492187497, -1.8028338500976562, -3.0933085449218747, -1.22583125, -5.722141967773437, -2.839523168945312, -4.11802685546875, 0.10295067138671875, -2.2385785522460937, -3.1962592163085937, -3.2154128295898436, -0.19153613281249998, -2.9472622436523435, -3.6080619018554687, -4.8123453369140625, -5.374982727050781, -2.1068974609374997], "z": [-10.709264025878905, -10.730811840820312, -9.172186560058593, -7.498639599609374, -13.486537951660155, -11.647791076660155, -10.242394702148436, -8.559270935058594, -10.77630167236328, -13.002909216308593, -12.514492077636717, -11.209652172851563, -11.664550488281249, -9.698910925292969, -11.896788049316406, -10.54645831298828, -12.375628381347655, -7.000645654296875, -9.057264880371093, -11.482591162109374, -12.54561669921875, -10.084377392578125, -13.776236352539062, -10.711658227539061, -9.236830004882812, -10.000580334472655, -7.287949853515625, -13.256694592285156, -10.603919152832031, -11.267113012695312, -6.519411120605469, -10.172962854003906, -7.44357296142578, -10.771513269042968, -3.8379052612304685, -12.097900988769531, -11.286266625976562, -12.114660400390624, -14.058752148437499, -11.92551846923828]}