{"x": [0.2442085693359375, 0.2609679809570312, 0.229843359375, 0.11731588134765625, 0.43574470214843747, 0.02154781494140625, 2.1547814941406247, 0.15083470458984374, 0.1149216796875, 1.5442600708007812, -0.7637503295898437, 0.2825157958984375, 0.2657563842773437, 0.679953271484375, 0.63206923828125, 0.622492431640625, 0.5147533569335937, 1.216254443359375, 0.6607996582031249, 0.5051765502929687, 0.7015010864257812, 0.5770026000976562, -0.33758243408203126, 0.3184288208007812, 0.6655880615234374, 0.5578489868164063, 1.0845733520507812, 1.6903063720703124, 0.4955997436523437, -1.197100830078125, -0.28490999755859375, 0.7613561279296874, 0.21068974609375, -0.3327940307617187, 0.6177040283203125, 1.6927005737304686, 0.25139117431640623, -0.0430956298828125, -0.27293898925781246, -0.03591302490234375], "y": [-0.488417138671875, -0.40940848388671874, -0.5722141967773438, 0.031124621582031248, -1.2689268798828124, -1.0989385620117187, 0.51714755859375, 0.5051765502929687, -1.1851298217773436, 0.4908113403320312, -0.239420166015625, -0.296881005859375, -0.4860229370117187, -0.3711012573242187, -1.7286135986328124, -0.42377369384765623, -0.14604630126953125, 0.7015010864257812, 0.814028564453125, -0.9121908325195311, 0.06464344482421874, -1.0271125122070313, 0.07900865478515624, -2.6479870361328124, -0.5985504150390625, -1.0510545288085937, 1.1276689819335937, -0.2537853759765625, -1.0749965454101562, -2.935291235351562, 0.5817910034179687, -0.8355763793945312, -1.0271125122070313, 0.33758243408203126, -1.1611878051757811, 0.8738836059570312, -0.842758984375, -1.4939818359375, -0.8188169677734375, -2.6384102294921874], "z": [8.623914379882812, 8.59997236328125, 8.549694128417968, 8.626308581542968, 8.336610180664062, 9.038111267089842, 8.657433203124999, 8.688557824707031, 7.524975817871093, 8.602366564941406, 9.4618849609375, 8.59997236328125, 8.552088330078124, 9.160215551757812, 8.91840118408203, 8.367734802246094, 7.625532287597656, 11.3772462890625, 9.018957653808593, 10.081983190917969, 7.266402038574219, 7.821856823730468, 8.204929089355469, 12.375628381347655, 8.319850769042969, 8.51617530517578, 8.48505068359375, 8.963891015625, 8.24802471923828, 9.083601098632812, 8.681375219726561, 9.169792358398437, 7.711723547363281, 8.154650854492187, 8.52335791015625, 9.804255798339844, 8.501810095214843, 8.801085302734375, 6.129156249999999, 8.59997236328125]}